stimulus_set,roi,mean_rho,median_rho,p_greater,mean_leave_target_range
A,early_visual,0.34419642857142857,0.3196428571428571,0.01171875,0.509090909090909
A,higher_visual,0.28169642857142857,0.30892857142857144,0.05859375,0.5030303030303029
A,nsdgeneral,0.3236607142857143,0.3125,0.0078125,0.3818181818181817
B,early_visual,0.14464285714285716,0.0732142857142857,0.1796875,0.4181818181818182
B,higher_visual,0.37455357142857143,0.3767857142857143,0.00390625,0.5409090909090909
B,nsdgeneral,0.39955357142857145,0.3625,0.015625,0.3909090909090909
