stimulus_set,vision_imagery_rho
A,0.125
B,0.5821428571428571
C,-0.4535714285714285
