scope,vision_imagery_rho
all,0.3840148499591224
within_set,0.10303030303030301
between_set,0.07314679851762934
block_residual,0.05593699021175709
